pdf_name,cinema_id,combo_lunes,combo_miercoles,combo_viernes,note
Abastos,,210,210,275,sin candidato en la captura
Aguascalientes,1,210,210,325,
Alaia Guanajuato,389,230,230,365,
Alaia Tapachula,424,210,210,325,
Altabrisa,196,230,230,355,
Altavista,86,230,230,365,
Amalucan,403,230,230,325,
Ambar Capital,,230,230,365,"sugerido: Ambar Fashion Mall (380), probable: Tuxtla"
Americas II,,210,210,325,sin candidato en la captura
Andador Morelia,,230,230,325,sin candidato en la captura
Apodaca,,210,210,305,sin candidato en la captura
Aragón,,210,210,275,sin candidato en la captura
Arenal,357,210,210,325,
Atana Lindav,,230,230,325,"sugerido: Atana Lindavista (406), abreviatura"
Atlacomulco,100,210,210,355,
Barrancos,,210,210,305,sin candidato en la captura
Boulevares Queretaro,255,230,230,355,
Cananea,281,210,210,,
Cancun,,230,230,,"sugerido: Los Héroes Cancún (301), probable: Multiplaza Cancún tiene su fila"
Candiles,167,230,230,325,
Canek,216,230,230,355,
Cardenas,195,230,230,325,
CD Azteca,41,210,210,305,
Cd Guzman,116,210,210,305,
Cd Mante,199,210,210,325,
CD Sahagun,399,210,210,325,
Cd Valles,,210,210,325,"sugerido: Ciudad Valles (174), abreviatura"
Cd Victoria,,210,210,,sin candidato en la captura
Centrika,140,210,210,305,
Centro,,210,210,325,sin candidato en la captura
Centro Cibeles,,230,230,325,"sugerido: Cibeles (359), mismo nombre"
Centro Telmex,26,210,210,325,
Chalco,66,210,210,305,
Chetumal,,230,230,305,sin candidato en la captura
Chimalhuacan,67,210,210,305,
Citadella,175,230,230,355,
City Center Villahermosa,393,230,230,365,
Ciudad del Carmen,341,230,230,355,
Claveria,267,210,210,355,
Coacalco,45,210,210,305,
Coapa,,230,230,365,"sugerido: Galerías Coapa (87), probable: Prado Coapa tiene su fila"
Colima,,230,230,,sin candidato en la captura
Constituyentes,168,230,230,325,
Contry,,210,210,305,sin candidato en la captura
Cordoba,254,210,210,325,
Cortazar,,210,210,,sin candidato en la captura
Cortijo,68,210,210,305,
Crystal Villahermosa,396,210,210,305,
Cuatro Caminos,336,230,230,325,
Cuatro Rios,416,230,230,325,
Cuauhtemoc,,230,230,355,"sugerido: Pabellón Cuauhtémoc (27), probable"
Cuautitlan,,210,210,305,sin candidato en la captura
Cuautla,153,230,230,355,
Cuicuilco,89,230,230,355,
Del Parque,,210,210,,sin candidato en la captura
Delicias,18,210,210,305,
Distrito Uno,404,230,230,365,
Dos Laredos,,210,210,,sin candidato en la captura
Downtown Puebla,426,210,210,355,
Durango,96,230,230,325,
Ecatepec,42,210,210,275,
El Paseo,177,210,210,305,
El Salto,,210,210,275,sin candidato en la captura
Encinas,191,210,210,275,
Encuentro Oceania,410,230,230,355,
Escobedo,,210,210,,sin candidato en la captura
Exp Culiacan,,230,230,355,"sugerido: Explanada Culiacán (402), abreviatura"
Explanada Pachuca,391,230,230,365,
Explanada Puebla,369,230,230,365,
Fashion Drive,,230,230,365,sin candidato en la captura
Ferreria,360,210,210,305,
Fiesta Anahuac,146,230,230,355,
Forum Coatzacoalcos,211,230,230,365,
Forum Cuernavaca,334,230,230,365,
Forum Culiacan,178,230,230,355,
Forum Tepic,156,230,230,365,
Fresnillo,222,210,210,305,
Fuentes Mares,15,210,210,305,
Galerias,29,230,230,355,
Galerias Los Mochis,,230,230,305,"sugerido: Paseo Los Mochis (183), dudoso: nombre distinto"
Galerias Mazatlan,186,230,230,305,
Galerias Merida,217,230,230,355,
Galerias Saltillo,20,230,230,355,
Galerias Tec,12,210,210,325,
Galerias Tlaxcala,344,230,230,365,
Galerias Tuxtla,269,210,210,355,
Garza Sada,356,230,230,325,
Gomez Palacio,98,210,210,305,
GP Pachuca,112,230,230,325,
Gran Sur,91,230,230,355,
Guadalajara,,230,230,325,"sugerido: Guadalajara Río Nilo (118), probable"
Guanajuato,,230,230,,sin candidato en la captura
Guaymas,190,210,210,355,
Hamburgo,,210,210,,sin candidato en la captura
Hermanos Serdan,285,210,210,305,
Hilvana,365,230,230,325,
Hollywood Chihuahua,262,230,230,355,
Huehuetoca,400,210,210,305,
Humberto Lobo,149,230,230,365,
Insurgentes,30,230,230,365,
Intermall,23,230,230,355,
Irapuato,258,210,210,325,
Itzaes,397,210,210,305,
Ixtapaluca,69,210,210,325,
Izcalli,47,230,230,355,
Iztapalapa,70,230,230,325,
Juventud,16,210,210,275,
La Gourmeteria,,210,210,,sin candidato en la captura
La Gran Via Mexicali,329,230,230,355,
La Joya,49,210,210,305,
La Piedad,295,230,230,305,
La Pilita,252,210,210,305,
La Roca,,230,230,,sin candidato en la captura
La Via,50,210,210,305,
La Viga,71,230,230,305,
Las Americas,,210,210,,sin candidato en la captura
Las Palmas,,230,230,,sin candidato en la captura
Las Palmas A,,210,210,,sin candidato en la captura
Las Plazas,119,210,210,305,
Las Plazas Outlet,133,230,230,305,
Lazaro Cardenas,,210,210,305,sin candidato en la captura
Lerma,101,230,230,355,
Lincoln,143,210,210,305,
Lindavista,137,230,230,355,
Loma Bonita,3,210,210,325,
Lomas Verdes,247,230,230,355,
Loreto,92,230,230,365,
Los Reyes,72,210,210,275,
Macroplaza Merida,219,230,230,325,
Macroplaza Oaxaca,283,230,230,325,
Macroplaza Tijuana,4,210,210,355,
Macroplaza Vallarta,124,230,230,325,
Malecon,,210,210,,sin candidato en la captura
Manacar,346,230,230,365,
Matamoros,201,210,210,325,
Mazatlan,,210,210,,sin candidato en la captura
Metro Centro Hermosillo,272,230,230,355,
Mexiquense,293,210,210,305,
Mi Plaza Heroes,,210,210,305,sin candidato en la captura
Mi Plaza Libramiento,390,210,210,305,
Mi Plaza Los Cabos,409,210,210,305,
Miguel Angel de Quevedo,413,230,230,365,
Minatitlan,,210,210,,sin candidato en la captura
Mirador,,230,230,,sin candidato en la captura
Mirador Hermosillo,274,210,210,275,
Mirasierra,305,230,230,325,
Monclova,19,230,230,305,
Morelia,,230,230,,"sugerido: Plaza Estadio Morelia (129), probable"
Morelia II,,230,230,325,sin candidato en la captura
Multiplaza Cancun,171,210,210,305,
Mundo Divertido Mexicali,,230,230,,sin candidato en la captura
Mundo Divertido Tijuana,264,230,230,305,
Mundo E,52,230,230,355,
Nacozari,193,230,230,,
Navojoa,194,210,210,305,
Nuevo Veracruz,231,230,230,365,
Ocotlan,123,230,230,355,
Ojo de Agua,54,210,210,325,
Otay,,230,230,365,"sugerido: Alameda Otay (371), mismo nombre"
Pabellon M,351,230,230,365,
Pachuca,,210,210,,sin candidato en la captura
Palmira,,230,230,305,sin candidato en la captura
Parque Delta,32,230,230,365,
Parque Lindavista,249,230,230,365,
Paseo Alcalde,342,210,210,305,
Paseo Chalco,73,210,210,305,
Paseo Gomez Palacio,422,210,210,305,
Paseo Jardines,425,210,210,305,
Paseo Queretaro,377,230,230,365,
Paseo Solidaridad,316,210,210,305,
Paseo Zamora,131,230,230,305,
Paseo Zihuatanejo,345,210,210,325,
Patio Martin Carrera,428,210,210,305,
Patio Poza Rica,212,230,230,365,
Patio Tollocan,,230,230,355,"sugerido: Patio Toluca (355), probable: Tollocan está en Toluca"
Patriotismo,,230,230,365,sin candidato en la captura
Pavilion,,230,230,325,"sugerido: Pavilion Zona Río (282), mismo nombre"
PB Coacalco,,210,210,305,sin candidato en la captura
PB Rio Bravo,,210,210,275,sin candidato en la captura
Peninsula Tijuana,414,230,230,365,
Piedras Negras,,230,230,325,"sugerido: Plaza Inova Piedras Negras (313), único en la ciudad"
Playa del Carmen,173,230,230,325,
Plaza Bella,,230,230,355,Plaza Bella Anáhuac (134) o Plaza Bella Oaxaca (160)
Plaza Bugambilia,279,230,230,365,
Plaza Caracol Vallarta,,230,230,,sin candidato en la captura
Plaza del Valle,159,210,210,325,
Plaza Dorada Puebla,164,230,230,325,
Plaza El Camino CD Juarez,271,210,210,325,
Plaza Jardines Tultitlan,296,210,210,305,
Plaza Minarete Tijuana,,230,230,,sin candidato en la captura
PLAZA ORIENTE,226,230,230,325,
Plaza Patria,366,230,230,365,
Plaza Q,114,230,230,325,
Plaza Real Reynosa,204,230,230,355,
Plaza Stadium,107,210,210,305,
Plaza Tecoman,,210,210,,"Tecomán (Colima), no Tecámac: no está en la captura"
Plaza Tlalnepantla,298,230,230,355,
Plz Pabellón Culiacán,,210,210,275,"sugerido: Plaza Pabellón Culiacán (364), abreviatura"
Portal Centro,354,230,230,355,
Portal Durango,385,230,230,355,
Portal Fresnillo,384,230,230,355,
Portal Lomas Estrella,,230,230,355,"sugerido: Lomas Estrella (314), mismo nombre"
Portal Vallejo,332,230,230,305,
Poza Rica,,230,230,325,sin candidato en la captura
Prado Coapa,93,210,210,325,
Progreso,388,210,210,325,
Puebla,,230,230,325,"sugerido: Puebla Centro (166), probable"
Pueblo Serena,,230,230,,sin candidato en la captura
Puerta Texcoco,57,230,230,305,
Puerto Paraiso,7,230,230,355,
Puerto Vallarta,,230,230,325,sin candidato en la captura
Punta Langosta,,230,230,355,sin candidato en la captura
Ramos Arizpe,326,210,210,275,
Real,34,210,210,355,
Reforma,,230,230,355,sin candidato en la captura
Reforma 222,,230,230,365,sin candidato en la captura
Rincon de Romos,363,210,210,325,
Rio Grande,392,210,210,305,
Rosario,58,210,210,275,
Salamanca,,230,230,365,"sugerido: Vía Alta Salamanca (309), único en la ciudad"
Salina Cruz,228,230,230,355,
Salinas Victoria,343,210,210,305,
Saltillo,,210,210,325,"sugerido: Plaza Real Saltillo (266), probable: Galerías Saltillo tiene su fila"
San Antonio,36,230,230,355,
San Esteban,83,210,210,325,
San Gaspar,126,210,210,305,
San Jose del Cabo,328,210,210,325,
San Juan del Rio,169,230,230,355,
San Lorenzo,,210,210,,sin candidato en la captura
San Manuel,,230,230,,sin candidato en la captura
San Mateo,59,230,230,365,
San Miguel de Allende,110,230,230,325,
San Nicolas,,230,230,325,sin candidato en la captura
San Roque,106,210,210,325,
Sanders,,210,210,,sin candidato en la captura
Sania,321,230,230,325,
Santa Cata,,210,210,325,"sugerido: Santa Catarina (152), abreviatura"
Santa Fe,84,230,230,365,
Santin,103,210,210,325,
SM Villa Juarez,,210,210,305,"sugerido: Sun Mall Villa Juárez (139), abreviatura"
Solesta,163,230,230,365,
Sun Mall,,210,210,325,"sugerido: Sun Mall Guadalupe (138), probable: Sun Mall Hermosillo tiene su fila"
Sun Mall Hermosillo,394,210,210,325,
Tampico,207,210,210,305,
Tapachula,278,230,230,305,
Tecamac,,210,210,325,"sugerido: Macroplaza Tecámac (44), único en la ciudad"
Tenayuca,60,210,210,305,
Tepic,158,210,210,305,
Texcoco,61,230,230,305,
Tezontle,236,230,230,365,
Tijuana Pacifico,300,230,230,325,
Tizayuca,,210,210,275,"sugerido: Alameda Tizayuca (407), único en la ciudad"
Tizimin,370,230,230,325,
Tlahuac,233,230,230,355,
Tlalpan,94,230,230,325,
Tlaquepaque,121,230,230,305,
Toltecas,421,210,210,275,
Toluca,104,230,230,325,
Torreon,22,210,210,305,
Torres Angelopolis,,230,230,325,sin candidato en la captura
Town Square Metepec,375,230,230,365,
Triangulo Puebla,253,230,230,365,
Tulancingo,115,230,230,325,
Tuxtepec,161,210,210,325,
Universidad,95,230,230,355,
Uptown Merida,340,230,230,365,
Urban Center Jurica,315,230,230,325,
Valladolid,221,210,210,325,
Valle Dorado,,230,230,,sin candidato en la captura
Varsovia,,210,210,,sin candidato en la captura
Velamar,395,210,210,305,
Via San Juan,308,230,230,325,
Zacatecas,223,230,230,355,
Zapopan,,230,230,355,"sugerido: Zapopan Acueducto (122), probable"
Zona Dorada,,210,210,,sin candidato en la captura
Zumpango,302,230,230,325,
