product_name,personas_min,personas_max,para,nota
Arma Tu Combo En Pareja,2,2,todos,"Pareja, Cuates o Duo en el nombre; revisado por David, 2026-09-29"
Arma Tu Combo Individual,1,1,todos,"Individual en el nombre; revisado por David, 2026-09-29"
Big Dipper Boneless,1,1,todos,"A domicilio trae 1 bebida (mismo nombre); revisado por David, 2026-09-29"
Combo Alitas,2,2,todos,"Por el nombre; revisado por David, 2026-09-29"
Combo Bagui,1,1,todos,"A domicilio trae 1 bebida (mismo nombre); revisado por David, 2026-09-29"
Combo Bagui En Pareja,2,2,todos,"Pareja, Cuates o Duo en el nombre; revisado por David, 2026-09-29"
Combo Bagui En Pareja Con Palomitas,2,2,todos,"Pareja, Cuates o Duo en el nombre; revisado por David, 2026-09-29"
Combo Bagui Individual,1,1,todos,"Individual en el nombre; revisado por David, 2026-09-29"
Combo Bagui Individual  Promo,1,1,todos,"Individual en el nombre; revisado por David, 2026-09-29"
Combo Bagui Palomitas,2,2,todos,"Por el nombre; revisado por David, 2026-09-29"
Combo Bagui en Pareja,2,2,todos,"Pareja, Cuates o Duo en el nombre; revisado por David, 2026-09-29"
Combo Big Dipper,2,2,todos,"Por el nombre; revisado por David, 2026-09-29"
Combo Boneless,1,1,todos,"A domicilio trae 1 bebida (mismo nombre); revisado por David, 2026-09-29"
Combo Boneless Promo,2,2,todos,"Por el nombre; revisado por David, 2026-09-29"
Combo Burger Individual,1,1,todos,"Individual en el nombre; revisado por David, 2026-09-29"
Combo Burger Para Compartir,3,3,todos,"Para compartir, Mega o Grande en el nombre; revisado por David, 2026-09-29"
Combo Ciel®,2,2,todos,"Por el nombre; revisado por David, 2026-09-29"
Combo Clásico,2,2,todos,"Por el nombre; revisado por David, 2026-09-29"
Combo Cornetto®,2,2,todos,"Por el nombre; revisado por David, 2026-09-29"
Combo Crepa Duo Frappe Leche,2,2,todos,"Pareja, Cuates o Duo en el nombre; revisado por David, 2026-09-29"
Combo Crepa En Pareja Frappé Leche,2,2,todos,"Pareja, Cuates o Duo en el nombre; revisado por David, 2026-09-29"
Combo Crepa Individual,1,1,todos,"Individual en el nombre; revisado por David, 2026-09-29"
Combo Crepa Mix Frappe Leche,2,2,todos,"Por el nombre; revisado por David, 2026-09-29"
Combo Crepa en Pareja,2,2,todos,"Pareja, Cuates o Duo en el nombre; revisado por David, 2026-09-29"
Combo Cuates,2,2,todos,"Pareja, Cuates o Duo en el nombre; revisado por David, 2026-09-29"
Combo Cuates Promo,2,2,todos,"Pareja, Cuates o Duo en el nombre; revisado por David, 2026-09-29"
Combo Grande Con Cerveza,3,3,adultos,"Para compartir, Mega o Grande en el nombre; con cerveza, solo adultos; revisado por David, 2026-09-29"
Combo Grande Mundial,3,3,todos,"Para compartir, Mega o Grande en el nombre; revisado por David, 2026-09-29"
Combo Hamburguesa Tradicional,2,2,todos,"Por el nombre; revisado por David, 2026-09-29"
Combo ICEE®,2,2,todos,"Por el nombre; revisado por David, 2026-09-29"
Combo ICEE® con Skwinkles®,2,2,todos,"Por el nombre; revisado por David, 2026-09-29"
Combo Individual Con Cerveza,1,1,adultos,"Individual en el nombre; con cerveza, solo adultos; revisado por David, 2026-09-29"
Combo Junior,1,1,ninos,"Junior: para un niño; revisado por David, 2026-09-29"
Combo Lifesavers®,2,2,todos,"Por el nombre; revisado por David, 2026-09-29"
Combo M&M's® con Nachos,2,2,todos,"Por el nombre; revisado por David, 2026-09-29"
Combo Mac & Cheese Boneless,1,1,todos,"A domicilio trae 1 bebida (mismo nombre); revisado por David, 2026-09-29"
Combo Magnum®,2,2,todos,"Por el nombre; revisado por David, 2026-09-29"
Combo Makis Especial Mix con Refrescos,2,2,todos,"Por el nombre; revisado por David, 2026-09-29"
Combo Makis en pareja,2,2,todos,"Pareja, Cuates o Duo en el nombre; revisado por David, 2026-09-29"
Combo Makis individual,1,1,todos,"Individual en el nombre; revisado por David, 2026-09-29"
Combo Micha,2,2,todos,"Por el nombre; revisado por David, 2026-09-29"
Combo Mundial Boneless,2,2,todos,"Por el nombre; revisado por David, 2026-09-29"
Combo Mundial para Compartir,3,3,todos,"Para compartir, Mega o Grande en el nombre; revisado por David, 2026-09-29"
Combo Nachos,2,2,todos,"Por el nombre; revisado por David, 2026-09-29"
Combo Nachos Refresco Jumbo Pal Jumbo,2,2,todos,"Por el nombre; revisado por David, 2026-09-29"
Combo Nachos en Pareja,2,2,todos,"A domicilio trae 2 bebidas (mismo nombre); revisado por David, 2026-09-29"
Combo Papas Crisscut con Boneless,2,2,todos,"Por el nombre; revisado por David, 2026-09-29"
Combo Pareja Con Cerveza,2,2,adultos,"Pareja, Cuates o Duo en el nombre; con cerveza, solo adultos; revisado por David, 2026-09-29"
Combo Personalizado,2,2,todos,"Por el nombre; revisado por David, 2026-09-29"
Combo Pizza,2,2,todos,"Por el nombre; revisado por David, 2026-09-29"
Combo Plato Snack,2,2,todos,"Por el nombre; revisado por David, 2026-09-29"
Combo Plato Snack Boneless,1,1,todos,"A domicilio trae 1 bebida (mismo nombre); revisado por David, 2026-09-29"
Combo Pretzel en Pareja,2,2,todos,"Pareja, Cuates o Duo en el nombre; revisado por David, 2026-09-29"
Combo Skittles®,2,2,todos,"Por el nombre; revisado por David, 2026-09-29"
Combo Snickers® con Hot Dog,2,2,todos,"Por el nombre; revisado por David, 2026-09-29"
Crepa  en Pareja + Palomitas,2,2,todos,"Pareja, Cuates o Duo en el nombre; revisado por David, 2026-09-29"
Crepa + Frappé + Palomitas,1,1,todos,"Una crepa o un pastel con una bebida; revisado por David, 2026-09-29"
Crepa + Frappé agua,1,1,todos,"Una crepa o un pastel con una bebida; revisado por David, 2026-09-29"
Crepa + Frappé leche,1,1,todos,"Una crepa o un pastel con una bebida; revisado por David, 2026-09-29"
Crepa dulce + Frappé agua,1,1,todos,"Una crepa o un pastel con una bebida; revisado por David, 2026-09-29"
Crepa dulce + Frappé leche,1,1,todos,"Una crepa o un pastel con una bebida; revisado por David, 2026-09-29"
Crepa salada + Frappé agua,1,1,todos,"Una crepa o un pastel con una bebida; revisado por David, 2026-09-29"
Crepa salada + Frappé leche,1,1,todos,"Una crepa o un pastel con una bebida; revisado por David, 2026-09-29"
MaxiCombo Bagui,2,3,todos,"Maxicombo: de 2 a 3; revisado por David, 2026-09-29"
Maxicombo Familiar,4,4,todos,"Familiar; revisado por David, 2026-09-29"
Maxicombo Familiar Jumbo,4,4,todos,"Familiar; revisado por David, 2026-09-29"
Maxicombo Hot Dog,2,3,todos,"Maxicombo: de 2 a 3; revisado por David, 2026-09-29"
Maxicombo Hot Dog BBQ,2,3,todos,"Maxicombo: de 2 a 3; revisado por David, 2026-09-29"
Maxicombo M&M's®,2,3,todos,"Maxicombo: de 2 a 3; revisado por David, 2026-09-29"
Maxicombo M&M's® Jumbo,2,3,todos,"Maxicombo: de 2 a 3; revisado por David, 2026-09-29"
Maxicombo M&M's® Para Lllevar,2,3,todos,"Maxicombo: de 2 a 3; revisado por David, 2026-09-29"
Maxicombo Micha Mix,2,3,todos,"Maxicombo: de 2 a 3; revisado por David, 2026-09-29"
Maxicombo Mix,2,3,todos,"Maxicombo: de 2 a 3; revisado por David, 2026-09-29"
Maxicombo Mix.,2,3,todos,"Maxicombo: de 2 a 3; revisado por David, 2026-09-29"
Maxicombo Nachos,2,3,todos,"Maxicombo: de 2 a 3; revisado por David, 2026-09-29"
Maxicombo Nachos Grandes,2,3,todos,"Maxicombo: de 2 a 3; revisado por David, 2026-09-29"
Maxicombo Personalizado Jumbo,2,3,todos,"Maxicombo: de 2 a 3; revisado por David, 2026-09-29"
Maxicombo Personalizado P/Llevar,2,3,todos,"Maxicombo: de 2 a 3; revisado por David, 2026-09-29"
Mega Combo Vip,3,3,todos,"Para compartir, Mega o Grande en el nombre; revisado por David, 2026-09-29"
Pastel + Café,1,1,todos,"Una crepa o un pastel con una bebida; revisado por David, 2026-09-29"
Pastel + Capuccino,1,1,todos,"Una crepa o un pastel con una bebida; revisado por David, 2026-09-29"
Pastel + Frappé,1,1,todos,"Una crepa o un pastel con una bebida; revisado por David, 2026-09-29"
